Name,Last,Daily,Week_1,Month_1,YTD,Year_1,Years_3,DWLabel,MYTDLabel,MYYLabel
3M,106.22,0.84,1.67,1.06,-11.42,-26.35,-28.52,LpLi,LpLi,LpLi
Abbott Labs,110.47,0.89,-1.07,9.1,0.62,-2.67,22.95,LpLi,LpHi,LpLi
AbbVie,151.12,1.51,-6.95,-5.18,-6.49,2.89,82.42,LpLi,LpLi,LpLi
Accenture,280.29,1.76,1.43,-1.93,5.04,-6.68,55.64,HpHi,HpHi,HpHi
Activision Blizzard,77.71,0.13,-9.14,-9.21,1.52,2.79,20.07,LpLi,LpLi,LpLi
Adobe,377.56,1.65,-0.03,-2.03,12.19,-4.64,9.81,HpHi,HpHi,HpHi
ADP,220.0,1.78,2.23,-1.18,-7.9,0.83,56.67,LpHi,LpLi,LpLi
Advance Auto Parts,125.53,0.5,-2.09,3.22,-14.62,-37.12,7.67,LpLi,LpLi,LpLi
Aflac,69.85,0.55,5.87,8.26,-2.91,21.94,90.74,LpHi,LpHi,LpHi
Agilent Technologies,135.43,1.64,-2.22,-2.1,-9.5,13.55,82.5,LpLi,LpLi,LpHi
AIG,53.04,1.73,2.89,5.32,-16.13,-9.35,121.92,LpHi,LpLi,LpLi
Air Products,294.36,1.02,1.3,2.49,-4.51,25.76,32.45,HpHi,HpHi,HpHi
Akamai,81.97,0.31,1.27,4.69,-2.76,-27.0,-14.49,LpLi,LpLi,LpLi
Alaska Air,43.46,1.14,-2.14,3.57,1.21,-20.1,44.34,LpLi,LpLi,LpLi
Albemarle,185.46,-0.29,6.74,-16.1,-14.48,-3.82,222.88,LpHi,LpLi,LpHi
Alexandria RE,124.18,1.19,-0.21,-1.12,-14.75,-31.83,-17.76,LpLi,LpLi,LpLi
Align,325.3,2.38,-8.4,-2.65,54.24,12.21,60.04,HpHi,HpHi,HpHi
Allegion PLC,110.48,-0.86,7.27,3.51,4.96,-3.29,13.34,LpHi,LpHi,LpLi
Alliant Energy,55.14,0.07,-0.27,3.26,-0.13,-6.24,16.7,LpLi,LpLi,LpLi
Allstate,115.76,0.44,-0.02,4.47,-14.63,-8.52,16.06,LpLi,LpLi,LpLi
Alphabet A,107.34,-0.23,1.83,3.48,21.66,-5.93,62.96,LpLi,LpHi,LpLi
Alphabet C,108.22,-0.14,2.18,4.06,21.97,-5.87,63.9,LpLi,LpHi,LpLi
Altria,47.51,0.68,2.95,6.48,3.94,-14.5,25.32,LpHi,LpHi,LpLi
Amazon.com,105.45,-3.98,-1.41,2.09,25.54,-15.15,-7.74,LpLi,LpHi,LpLi
AMD,89.37,2.21,1.06,-8.82,37.98,4.5,79.17,LpHi,LpHi,LpLi
Ameren,88.97,-0.84,-1.1,2.99,0.06,-4.23,24.52,LpLi,LpLi,LpLi
American Airlines,13.64,5.9,1.79,-7.53,7.23,-27.33,28.2,LpHi,LpLi,LpLi
American Electric Power,92.42,-0.42,-1.6,1.57,-2.66,-6.75,13.55,LpLi,LpLi,LpLi
American Express,161.34,1.82,-1.49,-2.19,9.2,-7.65,82.68,LpLi,LpLi,LpLi
American Tower,204.39,-0.61,0.12,0.02,-3.53,-15.2,-12.73,LpLi,LpLi,LpLi
American Water Works,148.25,-0.14,-1.78,1.2,-2.74,-3.78,24.37,LpLi,LpLi,LpLi
Ameriprise Financial,305.12,0.9,-2.86,-0.45,-2.01,14.93,174.24,HpHi,HpHi,LpHi
AmerisourceBergen,166.85,-0.33,0.07,4.21,0.69,10.28,93.16,LpLi,LpHi,LpHi
Ametek,137.93,0.41,0.25,-5.09,-1.28,9.24,71.36,LpLi,LpLi,LpHi
Amgen,239.74,-0.25,-1.69,-0.83,-8.72,2.81,3.79,LpLi,LpLi,LpLi
Amphenol,75.47,0.91,-1.78,-7.65,-0.88,5.55,76.54,LpLi,LpLi,LpLi
Analog Devices,179.88,1.27,-3.47,-8.79,9.66,16.52,73.56,LpLi,LpLi,LpHi
ANSYS,313.92,-0.34,-2.98,-5.67,29.94,13.87,22.8,HpHi,HpHi,HpHi
AO Smith,68.29,-0.39,-0.71,-1.24,19.3,16.87,63.96,LpLi,LpHi,LpHi
Aon,325.18,-2.13,-2.52,3.14,8.34,12.91,82.47,HpHi,HpHi,HpHi
APA Corp,36.85,3.34,-1.02,2.19,-21.06,-9.97,226.68,LpHi,LpLi,LpHi
Apple,169.68,0.75,2.82,2.9,30.59,7.63,134.79,LpHi,LpHi,LpHi
Applied Materials,113.03,1.21,-0.38,-7.98,16.07,2.43,141.05,LpLi,LpLi,LpHi
Aptiv,102.86,1.19,-2.31,-8.32,10.45,-3.33,56.44,LpLi,LpLi,LpLi
Arch Capital,75.07,1.61,4.73,10.61,19.58,64.37,224.84,LpHi,LpHi,LpHi
Archer-Daniels-Midland,78.08,0.09,-3.01,-1.98,-15.91,-12.82,122.32,LpLi,LpLi,LpLi
Arista Networks,160.16,2.17,2.75,-4.59,31.98,38.58,208.53,LpHi,LpHi,LpHi
Arthur J Gallagher,208.06,-0.47,0.14,8.76,10.35,23.49,168.43,LpLi,LpHi,LpHi
Assurant,123.13,2.64,5.01,2.55,-1.54,-32.3,20.34,LpHi,LpLi,LpLi
AT&T,17.67,0.34,-3.02,-8.21,-4.02,-6.31,-21.71,LpLi,LpLi,LpLi
Atmos Energy,114.14,-0.7,-1.07,1.58,1.85,0.65,14.03,LpLi,LpLi,LpLi
Autodesk,194.79,2.46,0.36,-6.42,4.24,2.91,11.37,LpHi,LpLi,LpLi
AutoZone,158.69,0.1,-0.68,8.35,7.99,36.2,167.82,LpLi,LpHi,LpHi
AvalonBay,180.37,1.53,4.06,7.32,11.67,-20.71,13.84,LpHi,LpHi,LpLi
Avery Dennison,174.48,2.96,-2.03,-2.49,-3.6,-3.39,61.45,LpHi,LpLi,LpLi
Baker Hughes,29.24,1.39,-1.42,1.32,-0.98,-5.74,113.43,LpLi,LpLi,LpLi
Ball,53.18,0.89,2.09,-3.5,3.99,-34.48,-18.95,LpLi,LpLi,LpLi
Bank of America,29.28,1.35,-1.98,2.38,-11.59,-17.94,26.86,LpLi,LpLi,LpLi
Bank of NY Mellon,42.59,1.38,-3.31,-6.27,-6.44,1.26,18.31,LpLi,LpLi,LpLi
Bath & Body Works,35.1,0.95,-1.49,-4.05,-16.71,-33.64,261.92,LpLi,LpLi,LpHi
Baxter,47.68,1.88,5.28,17.55,-6.45,-32.9,-45.72,LpHi,LpHi,LpLi
Becton Dickinson,264.31,0.38,1.19,6.77,3.94,6.93,4.94,HpHi,LpHi,HpHi
Berkshire Hathaway B,328.55,0.71,1.3,6.41,6.36,1.77,79.86,HpHi,HpHi,HpHi
Best Buy,74.52,1.35,2.42,-4.79,-7.09,-17.14,3.13,LpHi,LpLi,LpLi
Bio-Rad Labs,450.79,3.29,-3.52,-5.89,7.21,-11.97,4.4,HpHi,HpHi,HpHi
Bio-Techne,79.88,2.81,-4.3,7.67,-3.62,-15.84,40.44,LpLi,LpHi,LpLi
Biogen,304.23,3.58,3.48,9.42,9.86,46.66,3.8,LpHi,LpHi,HpHi
BlackRock,671.2,1.29,-1.43,0.31,-5.28,7.45,38.63,HpHi,HpHi,HpHi
Boeing,206.78,0.36,0.79,-2.66,8.55,38.93,55.04,LpLi,LpLi,LpHi
Booking,193.55,1.78,-0.04,1.28,33.3,21.54,85.42,LpLi,LpHi,LpHi
BorgWarner,48.13,1.03,-1.74,-2.0,19.58,30.68,77.21,LpLi,LpHi,LpHi
Boston Properties,53.36,1.02,2.38,-1.4,-21.04,-54.63,-42.58,LpHi,LpLi,LpLi
Boston Scientific,52.12,0.17,1.98,4.18,12.64,23.77,44.82,LpLi,LpHi,LpHi
Bristol-Myers Squibb,66.77,-1.24,-5.28,-3.66,-7.2,-11.29,10.8,LpLi,LpLi,LpLi
Broadcom,626.5,1.31,-1.01,-2.34,12.05,13.01,141.24,HpHi,HpHi,HpHi
Broadridge,145.41,1.32,1.2,-0.79,8.41,0.89,28.61,LpLi,LpLi,LpLi
Brown Forman,65.09,-0.29,1.75,1.28,-0.9,-3.48,6.67,LpLi,LpLi,LpLi
Brown&Brown,64.39,0.55,4.87,12.14,13.02,3.89,83.66,LpHi,LpHi,LpLi
Bunge,93.6,0.98,-1.58,-2.01,-6.18,-17.26,147.03,LpLi,LpLi,LpLi
Cadence Design,209.45,0.76,-1.67,-0.3,30.38,38.85,176.17,LpLi,LpHi,LpHi
Caesars,45.29,4.33,2.81,-7.21,8.87,-31.67,140.39,LpHi,LpLi,LpLi
Camden Property,110.05,3.3,3.05,4.97,-1.64,-29.86,29.27,LpHi,LpHi,LpLi
Campbell Soup,54.3,-1.24,1.17,-1.24,-4.32,14.99,7.72,LpLi,LpLi,LpLi
Capital One Financial,97.3,1.36,0.74,1.19,4.67,-21.92,58.01,LpLi,LpLi,LpLi
Cardinal Health,82.1,0.02,2.52,8.74,6.8,41.43,73.13,LpLi,LpHi,LpHi
CarMax,70.03,-0.53,1.26,8.95,15.01,-18.36,-1.46,LpLi,LpHi,LpLi
Carnival Corp,9.21,3.48,-1.81,-9.26,14.27,-46.76,-33.88,LpHi,LpLi,LpLi
Carrier Global,41.82,0.87,-7.52,-8.59,1.38,9.28,149.37,LpLi,LpLi,LpHi
Catalent Inc,50.12,6.75,11.3,-23.73,11.35,-44.66,-24.76,LpHi,LpLi,LpLi
Caterpillar,218.8,2.09,-0.67,-4.39,-8.67,3.92,97.33,LpLi,LpLi,LpHi
Cboe Global,139.7,1.09,0.14,4.07,11.34,23.65,48.6,LpLi,LpHi,LpHi
CBRE A,76.66,0.68,6.68,5.29,-0.39,-7.68,93.1,LpHi,LpHi,LpLi
CDW Corp,169.59,0.93,3.96,-12.98,-5.03,3.93,58.76,LpHi,LpLi,LpLi
Celanese,106.24,3.44,1.57,-2.43,3.91,-27.7,33.96,LpHi,LpLi,LpLi
Centene,68.93,0.63,4.46,9.05,-15.95,-14.43,6.1,LpHi,LpLi,LpLi
CenterPoint Energy,30.47,-1.14,-0.2,3.43,1.6,-0.46,85.12,LpLi,LpLi,LpLi
Ceridian HCM,63.48,-0.55,-5.28,-13.3,-1.04,13.09,11.96,LpLi,LpLi,LpLi
CF Industries,71.58,2.1,-3.84,-1.26,-15.99,-26.08,169.0,LpLi,LpLi,LpLi
CH Robinson,100.87,1.19,3.57,1.51,10.17,-4.97,42.41,LpHi,LpHi,LpLi
Charles River Laboratories,190.12,3.49,-5.37,-5.8,-12.75,-21.28,37.18,LpLi,LpLi,LpLi
Charles Schwab,52.24,0.99,-2.9,-0.27,-37.26,-21.24,43.32,LpLi,LpLi,LpLi
Charter Communications,368.7,7.57,10.82,3.1,8.73,-13.95,-27.65,LpHi,HpHi,HpHi
Chevron,168.58,0.98,-0.32,3.32,-6.08,7.6,88.48,LpLi,LpLi,LpHi
Chipotle Mexican Grill,139.44,1.54,14.87,21.03,49.02,42.04,136.32,LpHi,LpHi,LpHi
Chubb,201.56,1.27,0.18,3.8,-8.63,-2.37,98.41,LpLi,LpLi,LpLi
Church&Dwight,97.12,-0.18,6.01,9.85,20.48,-0.45,36.37,LpHi,LpHi,LpLi
Cigna,253.29,1.18,0.46,-0.88,-23.56,2.64,35.38,HpHi,LpLi,HpHi
Cincinnati Financial,106.44,2.73,0.62,-5.03,3.96,-13.22,74.63,LpHi,LpLi,LpLi
Cintas,455.77,1.1,-0.89,-1.49,0.92,14.73,115.18,HpHi,HpHi,HpHi
Cisco,47.25,1.48,0.47,-9.61,-0.82,-3.53,15.47,LpLi,LpLi,LpLi
Citigroup,47.07,1.18,-4.0,0.38,4.07,-2.36,3.41,LpLi,LpLi,LpLi
Citizens Financial Group Inc,30.94,2.82,7.43,1.88,-21.41,-21.47,44.44,LpHi,LpLi,LpLi
Clorox,165.62,-0.34,0.22,4.66,18.02,15.44,-14.06,LpLi,LpHi,LpLi
CME Group,185.77,0.74,-2.09,-3.0,10.47,-15.31,6.98,LpLi,LpLi,LpLi
CMS Energy,62.26,-0.38,1.02,1.43,-1.69,-9.36,11.28,LpLi,LpLi,LpLi
Coca-Cola,64.15,0.74,0.16,3.42,0.85,-0.71,40.68,LpLi,LpLi,LpLi
Cognizant A,59.71,0.84,0.37,-2.0,4.41,-26.19,5.68,LpLi,LpLi,LpLi
Colgate-Palmolive,79.8,2.4,3.91,6.19,1.28,3.57,16.45,LpHi,LpHi,LpLi
Comcast,41.37,2.73,9.62,9.13,18.3,4.05,11.87,LpHi,LpHi,LpLi
Comerica,43.37,4.94,-0.82,-0.12,-35.12,-47.05,32.1,LpHi,LpLi,LpLi
ConAgra Foods,37.96,0.16,1.36,1.06,-1.91,8.67,14.06,LpLi,LpLi,LpLi
ConocoPhillips,102.89,1.64,0.62,3.71,-12.81,7.72,162.88,LpHi,LpLi,LpHi
Consolidated Edison,98.47,-0.72,-0.58,2.93,3.32,6.18,27.47,LpLi,LpHi,LpLi
Constellation Brands A,229.47,0.4,1.34,1.58,-0.98,-6.75,42.03,LpLi,LpLi,LpLi
Constellation Energy,77.4,0.85,1.11,-1.4,-10.22,30.72,-65.23,LpLi,LpLi,LpLi
Cooper,381.45,0.87,-1.02,2.17,15.36,5.65,36.08,HpHi,HpHi,HpHi
Copart,79.05,1.66,0.84,5.11,29.82,39.11,101.3,LpHi,LpHi,LpHi
Corning,33.22,1.44,-1.13,-5.84,4.01,-5.6,60.79,LpLi,LpLi,LpLi
Corteva,61.12,0.74,-0.59,1.34,3.98,5.95,139.78,LpLi,LpLi,LpHi
CoStar,76.95,-0.29,9.93,11.76,-0.43,20.95,23.59,LpHi,LpHi,LpLi
Costco,503.22,0.39,-0.62,1.28,10.23,-5.36,66.67,HpHi,HpHi,HpHi
Coterra Energy,25.6,1.75,0.55,4.32,4.19,-11.08,26.61,LpHi,LpHi,LpLi
Crown Castle,123.09,0.1,-2.29,-8.03,-9.25,-33.54,-21.3,LpLi,LpLi,LpLi
CSX,30.64,0.82,-3.71,2.34,-1.1,-10.77,41.39,LpLi,LpLi,LpLi
Cummins,235.04,1.8,0.93,-1.61,-2.99,24.23,49.3,LpHi,LpLi,HpHi
CVS Health Corp,73.31,0.34,0.65,-1.35,-21.33,-23.74,22.8,LpLi,LpLi,LpLi
Danaher,236.91,2.37,-6.29,-6.0,-10.74,-5.66,47.36,LpLi,LpLi,LpLi
Darden Restaurants,151.93,0.48,0.05,-2.08,9.83,15.33,117.51,LpLi,LpLi,LpHi
DaVita,90.36,2.67,5.05,11.4,21.01,-16.62,18.1,LpHi,LpHi,LpLi
Deere&Company,378.02,1.66,-2.24,-8.44,-11.83,0.12,173.55,HpHi,HpHi,HpHi
Delta Air Lines,34.31,2.94,-0.06,-1.75,4.41,-20.26,42.25,LpHi,LpLi,LpLi
Dentsply,41.93,1.38,2.04,6.75,31.69,4.85,4.07,LpHi,LpHi,LpLi
Devon Energy,53.43,2.26,-0.37,5.57,-13.14,-8.15,397.02,LpHi,LpLi,LpHi
DexCom,121.34,-1.81,-1.93,4.44,7.15,18.8,42.12,LpLi,LpHi,LpLi
Diamondback,142.2,3.0,0.79,5.2,3.96,16.74,253.03,LpHi,LpHi,LpHi
Digital,99.15,-2.56,2.6,0.85,-1.12,-32.14,-32.05,LpLi,LpLi,LpLi
Discover,103.47,1.45,-1.94,4.68,5.77,-7.99,150.11,LpLi,LpHi,LpHi
DISH Network,7.51,2.6,-0.92,-19.51,-46.51,-73.66,-68.7,LpHi,LpLi,LpLi
Dollar General,221.46,-0.04,1.48,5.23,-10.07,-6.77,28.01,LpLi,LpLi,LpLi
Dollar Tree,153.71,0.22,1.8,7.08,8.68,-5.38,98.62,LpLi,LpHi,LpLi
Dominion Energy,57.14,-0.37,-0.99,2.2,-6.82,-30.01,-24.43,LpLi,LpLi,LpLi
Domino’s Pizza Inc,317.47,0.1,-3.95,-3.76,-8.35,-6.07,-11.15,HpHi,HpHi,HpHi
Dover,146.16,1.09,-1.03,-3.8,7.94,9.65,59.79,LpLi,LpLi,LpLi
Dow,54.4,1.68,-0.86,-0.77,7.96,-18.2,60.33,LpLi,LpLi,LpLi
DR Horton,109.82,1.37,3.04,12.42,23.2,57.81,135.97,LpHi,LpHi,LpHi
DTE Energy,112.41,-0.92,-1.13,2.62,-4.36,-14.22,11.65,LpLi,LpLi,LpLi
Duke Energy,98.88,-0.59,0.53,2.5,-3.99,-10.24,19.65,LpLi,LpLi,LpLi
DuPont De Nemours,69.72,1.48,-0.24,-2.86,1.59,5.75,54.69,LpLi,LpLi,LpLi
DXC Technology,23.85,2.14,-1.16,-6.69,-10.0,-16.9,42.05,LpLi,LpLi,LpLi
Eastman Chemical,84.27,4.61,3.61,-0.08,3.47,-17.92,40.4,LpHi,LpLi,LpLi
Eaton,167.12,-0.51,2.6,-2.46,6.48,15.24,103.63,LpLi,LpLi,LpHi
eBay,46.43,1.91,7.7,4.64,11.96,-10.57,18.29,LpHi,LpHi,LpLi
Ecolab,167.84,1.01,1.35,1.4,15.31,-0.89,-11.66,LpLi,LpHi,LpLi
Edison,73.6,0.04,0.92,4.26,15.69,6.99,32.16,LpLi,LpHi,LpLi
Edwards Lifesciences,87.98,1.45,1.66,6.35,17.92,-16.83,26.08,LpHi,LpHi,LpLi
Electronic Arts,127.28,0.61,-1.42,5.67,4.17,7.82,12.37,LpLi,LpHi,LpLi
Elevance Health,468.65,0.7,3.97,1.92,-8.64,-6.63,73.85,HpHi,HpHi,HpHi
Eli Lilly,395.86,1.41,2.76,15.27,8.21,35.51,157.67,HpHi,HpHi,HpHi
Emerson,83.26,0.52,-2.73,-4.45,-13.33,-7.67,54.79,LpLi,LpLi,LpLi
Enphase,164.2,0.01,-26.57,-21.91,-38.03,1.73,279.65,LpLi,LpLi,LpHi
Entergy,107.58,0.37,-0.98,-0.15,-4.37,-9.48,14.97,LpLi,LpLi,LpLi
EOG Resources,119.47,3.13,1.84,4.22,-7.76,5.01,168.05,LpHi,LpLi,LpHi
EPAM Systems,282.44,1.14,0.61,-5.54,-13.82,6.59,30.56,HpHi,LpLi,HpHi
EQT,34.84,3.88,6.9,9.18,2.99,-12.35,142.45,LpHi,LpHi,LpHi
Equifax,208.38,1.29,2.77,2.73,7.21,2.39,51.12,LpHi,LpHi,LpLi
Equinix,724.08,0.59,1.55,0.42,10.54,0.7,7.93,HpHi,HpHi,HpHi
Equity Residential,63.25,2.33,3.18,5.42,7.2,-22.39,1.51,LpHi,LpHi,LpLi
Essex Property,219.73,3.91,3.44,5.06,3.69,-33.27,-7.21,LpHi,LpHi,LpLi
Estee Lauder,246.72,0.43,-3.71,0.11,-0.56,-6.57,42.99,LpLi,LpLi,LpLi
Etsy Inc,101.03,0.54,-1.0,-9.25,-15.65,8.41,56.77,LpLi,LpLi,LpLi
Everest,378.0,1.1,1.99,5.58,14.11,37.6,129.08,HpHi,HpHi,HpHi
Evergy,62.11,-0.67,-1.44,1.62,-1.3,-8.46,11.07,LpLi,LpLi,LpLi
Eversource Energy,77.61,-0.47,-1.56,-0.83,-7.43,-11.2,-2.83,LpLi,LpLi,LpLi
Exelon,42.44,-0.79,-1.8,1.31,-1.83,-9.28,18.55,LpLi,LpLi,LpLi
Expedia,93.96,1.68,0.17,-3.16,7.26,-46.23,39.63,LpLi,LpLi,LpLi
Expeditors Washington,113.84,2.01,2.34,3.38,9.55,14.91,59.53,LpHi,LpHi,LpHi
Extra Space Storage,152.04,0.61,0.58,-6.68,3.3,-19.98,74.44,LpLi,LpLi,LpLi
Exxon Mobil,118.34,1.29,2.01,7.92,7.29,38.82,174.32,LpHi,LpHi,LpHi
F5 Networks,134.36,1.74,0.25,-7.78,-6.38,-19.74,-0.69,LpLi,LpLi,LpLi
FactSet Research,411.69,0.37,-2.32,-0.82,2.61,2.03,52.8,HpHi,HpHi,HpHi
Fair Isaac,727.95,-0.92,1.21,3.59,21.61,94.89,116.26,HpHi,HpHi,HpHi
Fastenal,53.84,-0.19,-1.77,-0.19,13.78,-2.66,50.81,LpLi,LpHi,LpLi
Federal Realty,98.89,2.21,1.66,0.06,-2.13,-15.52,26.1,LpHi,LpLi,LpLi
FedEx,227.78,0.81,-1.15,-0.31,31.51,14.61,92.71,LpLi,LpHi,LpHi
Fidelity National Info,58.72,4.28,4.34,8.08,-13.46,-40.78,-54.58,LpHi,LpLi,LpLi
Fifth Third,26.2,1.39,-4.66,-1.65,-20.15,-30.19,47.44,LpLi,LpLi,LpLi
First Solar,182.58,-9.09,-15.82,-16.06,21.89,150.01,334.92,LpLi,LpLi,LpHi
FirstEnergy,39.8,-3.21,-1.99,-0.65,-5.1,-8.1,-2.55,LpLi,LpLi,LpLi
Fiserv,122.12,2.11,4.41,8.04,20.83,24.71,21.82,LpHi,LpHi,LpLi
FleetCor,213.92,0.83,-1.34,1.46,16.46,-14.27,-8.12,LpLi,LpHi,LpLi
FMC,123.58,1.48,0.29,1.19,-0.98,-6.76,37.43,LpLi,LpLi,LpLi
Ford Motor,11.88,2.33,0.59,-5.71,2.15,-16.1,141.46,LpHi,LpLi,LpLi
Fortinet,63.05,-0.02,-5.59,-5.13,28.96,9.08,202.11,LpLi,LpHi,LpHi
Fortive,63.09,-0.8,-5.54,-7.45,-1.81,9.72,3.85,LpLi,LpLi,LpLi
Fox Corp A,33.26,1.22,-1.07,-2.32,9.52,-7.2,30.79,LpLi,LpLi,LpLi
Fox Corp B,30.54,1.29,-0.91,-2.46,7.35,-8.12,22.06,LpLi,LpLi,LpLi
Franklin Resources,26.88,0.98,0.71,-0.22,1.9,9.31,49.08,LpLi,LpLi,LpLi
Freeport-McMoran,37.91,1.17,-4.41,-7.33,-0.24,-6.51,348.11,LpLi,LpLi,LpHi
Garmin,98.17,1.27,0.45,-2.72,6.37,-10.54,23.0,LpLi,LpLi,LpLi
Gartner,302.46,0.01,-0.09,-7.16,-10.02,4.1,163.19,HpHi,LpLi,HpHi
GE HealthCare,81.34,-0.22,-5.94,-0.84,39.33,15.58,-7.58,LpLi,LpHi,LpLi
Gen Digital,17.67,-0.45,0.11,2.97,-17.55,-29.43,-15.29,LpLi,LpLi,LpLi
Generac,102.22,2.63,-0.54,-5.36,1.55,-53.41,9.57,LpHi,LpLi,LpLi
General Dynamics,218.34,1.23,-2.97,-4.32,-12.0,-7.69,70.85,LpLi,LpLi,LpLi
General Electric,98.97,0.93,-0.54,3.53,51.38,70.14,143.89,LpLi,LpHi,LpHi
General Mills,88.63,-0.18,1.35,3.71,5.7,25.31,48.76,LpLi,LpHi,LpHi
General Motors,33.04,0.98,-1.52,-9.92,-1.78,-12.85,58.09,LpLi,LpLi,LpLi
Genuine Parts,168.31,0.42,1.07,0.6,-3.0,29.42,123.85,LpLi,LpLi,LpHi
Gilead,82.21,-1.6,-5.04,-0.92,-4.24,38.54,2.83,LpLi,LpLi,LpHi
Global Payments,112.71,2.79,3.51,7.1,13.48,-17.72,-30.27,LpHi,LpHi,LpLi
Globe Life,108.52,1.14,0.84,-1.36,-9.98,10.64,35.67,LpLi,LpLi,LpLi
Goldman Sachs,343.44,0.54,0.52,4.99,0.02,12.42,93.92,HpHi,HpHi,HpHi
Halliburton,32.75,2.34,-1.95,3.51,-16.77,-8.06,235.55,LpLi,LpLi,LpHi
Hartford,70.99,1.54,2.09,1.87,-6.38,1.52,98.91,LpHi,LpLi,LpHi
Hasbro,59.22,1.7,14.57,10.3,-2.93,-32.75,-13.84,LpHi,LpHi,LpLi
HCA,287.33,1.73,2.18,8.97,19.74,33.92,174.01,HpHi,LpHi,LpHi
Healthpeak Properties,21.97,3.58,3.98,0.0,-12.37,-33.04,-12.64,LpHi,LpLi,LpLi
Henry Schein,80.81,-0.47,-4.54,-0.9,1.18,-0.36,54.96,LpLi,LpLi,LpLi
Hershey Co,273.06,-0.1,4.68,7.33,17.92,20.95,106.02,HpHi,LpHi,HpHi
Hess,145.06,2.53,0.85,9.61,2.28,40.74,227.6,LpHi,LpHi,LpHi
Hewlett Packard,14.32,0.42,-0.97,-10.11,-10.28,-7.07,51.05,LpLi,LpLi,LpLi
Hilton Worldwide,144.02,1.61,-2.7,2.24,13.98,-7.26,99.94,LpLi,LpHi,LpLi
Hologic,86.01,1.61,2.32,6.58,14.97,19.47,74.11,LpHi,LpHi,LpHi
Home Depot,300.54,2.25,0.17,1.84,-4.85,0.05,37.5,HpHi,HpHi,HpHi
Honeywell,199.84,0.62,1.92,4.56,-6.75,3.27,45.6,LpLi,LpLi,LpLi
Hormel Foods,40.44,0.07,1.48,1.4,-11.22,-22.81,-13.22,LpLi,LpLi,LpLi
Host Hotels Resorts,16.17,1.63,-0.31,-1.94,0.75,-20.54,41.35,LpLi,LpLi,LpLi
Howmet,44.29,1.28,3.17,4.53,12.38,29.81,253.19,LpHi,LpHi,LpHi
HP Inc,29.71,-0.03,0.78,1.23,10.57,-18.89,101.97,LpLi,LpHi,LpLi
Humana,530.49,0.99,8.0,9.28,3.57,19.33,42.51,HpHi,HpHi,HpHi
Huntington Bancshares,11.2,0.45,-2.1,0.0,-20.57,-14.83,30.69,LpLi,LpLi,LpLi
Huntington Ingalls Industries,201.66,0.14,-3.38,-2.59,-12.58,-5.21,8.61,LpLi,LpLi,LpLi
IBM,126.41,-0.44,0.54,-3.57,-10.28,-4.39,3.73,LpLi,LpLi,LpLi
ICE,108.93,1.41,0.54,4.45,6.18,-5.94,22.85,LpLi,LpHi,LpLi
IDEX,206.32,-0.73,-5.25,-10.7,-9.64,8.69,36.37,LpLi,LpLi,LpLi
IDEXX Labs,492.16,1.56,-0.7,-1.58,20.64,14.33,81.78,HpHi,HpHi,HpHi
IFF,96.96,1.85,0.6,5.44,-7.52,-20.07,-23.43,LpHi,LpLi,LpLi
Illinois Tool Works,241.94,0.57,2.43,-0.62,9.82,22.74,51.73,HpHi,LpHi,HpHi
Illumina,205.56,0.57,-9.72,-11.61,1.66,-30.71,-32.8,LpLi,LpLi,LpLi
Incyte,74.41,1.03,-0.24,2.96,-7.36,-0.73,-23.53,LpLi,LpLi,LpLi
Ingersoll Rand,57.02,0.04,3.04,-1.99,9.13,29.71,102.7,LpLi,LpLi,LpHi
Insulet,318.04,0.57,-0.39,-0.29,8.03,33.08,63.19,HpHi,HpHi,HpHi
Intel,31.06,4.02,2.51,-4.93,17.52,-28.75,-45.95,LpHi,LpLi,LpLi
International Paper,33.11,0.3,-8.13,-8.18,-4.39,-28.46,-2.36,LpLi,LpLi,LpLi
Intuit,443.95,3.45,-0.55,-0.42,14.06,6.02,70.01,HpHi,HpHi,HpHi
Intuitive Surgical,301.22,1.79,0.33,17.91,13.52,25.88,81.15,HpHi,LpHi,HpHi
Invesco,17.13,-0.58,0.35,4.45,-4.78,-6.8,114.39,LpLi,LpLi,LpLi
Invitation Homes,33.37,1.52,0.24,6.85,12.58,-16.2,45.91,LpLi,LpHi,LpLi
IPG,35.73,1.48,-4.72,-4.05,7.27,9.53,117.47,LpLi,LpLi,LpHi
IQVIA Holdings,188.23,2.49,-6.96,-5.36,-8.13,-13.65,37.88,LpLi,LpLi,LpLi
Iron Mountain,55.24,0.47,2.47,4.4,10.81,2.81,134.07,LpLi,LpHi,LpHi
J&J,163.7,0.43,0.62,5.61,-7.33,-9.29,10.39,LpLi,LpLi,LpLi
Jack Henry&Associates,163.34,2.3,3.92,8.37,-6.96,-13.84,3.05,LpHi,LpHi,LpLi
Jacobs Engineering,115.46,-0.04,0.62,-1.74,-3.84,-16.67,42.93,LpLi,LpLi,LpLi
JB Hunt,175.29,3.07,-0.64,-0.1,0.53,2.6,73.79,LpHi,LpLi,LpLi
JM Smucker,154.41,0.37,2.1,-1.88,-2.56,12.77,33.68,LpLi,LpLi,LpLi
Johnson Controls,59.84,0.79,2.1,-0.63,-6.5,-0.05,114.79,LpLi,LpLi,LpHi
JPMorgan,138.24,0.87,-1.64,6.09,3.09,15.82,48.25,LpLi,LpHi,LpLi
Juniper,30.15,1.93,-3.7,-12.41,-5.66,-4.35,38.18,LpLi,LpLi,LpLi
Kellogg,69.77,0.69,3.59,4.2,-2.06,1.85,7.57,LpHi,LpLi,LpLi
Keurig Dr Pepper,32.7,-2.5,-7.39,-7.31,-8.3,-12.57,26.25,LpLi,LpLi,LpLi
KeyCorp,11.26,2.83,-2.85,-10.06,-35.36,-41.69,1.72,LpLi,LpLi,LpLi
Keysight Technologies,144.64,1.94,-2.51,-10.43,-15.45,3.12,54.13,LpLi,LpLi,LpLi
Kimberly-Clark,144.89,-1.02,2.35,7.95,6.73,4.37,5.93,LpLi,LpHi,LpLi
Kimco Realty,19.19,1.05,0.05,-1.74,-9.4,-24.24,81.04,LpLi,LpLi,LpLi
Kinder Morgan,17.15,0.66,-1.27,-2.06,-5.14,-5.51,17.79,LpLi,LpLi,LpLi
KLA Corp,386.54,0.49,3.92,-3.16,2.52,21.07,157.23,HpHi,HpHi,HpHi
Kraft Heinz,39.27,-1.03,0.13,1.55,-3.54,-7.88,33.66,LpLi,LpLi,LpLi
Kroger,48.63,0.6,1.48,-1.5,9.08,-9.88,52.16,LpLi,LpLi,LpLi
L3Harris Technologies,195.15,-1.44,-3.41,-0.56,-6.27,-15.98,3.0,LpLi,LpLi,LpLi
Laboratory America,226.71,0.9,-2.7,-1.18,-3.72,-5.65,42.56,LpLi,LpLi,LpLi
Lam Research,524.08,1.0,1.33,-1.14,24.69,12.52,122.99,HpHi,HpHi,HpHi
Lamb Weston Holdings,111.81,0.19,1.32,6.97,25.12,69.15,91.62,LpLi,LpHi,LpHi
Las Vegas Sands,63.85,2.62,1.27,11.14,32.83,80.21,39.99,LpHi,LpHi,LpHi
Leidos,93.26,1.3,1.65,1.3,-11.34,-9.9,-4.73,LpHi,LpLi,LpLi
Lennar,112.81,0.99,1.45,7.33,24.65,47.48,128.08,LpLi,LpHi,LpHi
Lincoln National,21.73,3.62,3.67,-3.29,-29.26,-63.87,-33.1,LpHi,LpLi,LpLi
Linde PLC,369.45,1.04,0.88,3.94,13.27,18.43,104.87,HpHi,HpHi,HpHi
Live Nation Entertainment,67.78,0.62,1.19,-3.17,-2.81,-35.37,64.63,LpLi,LpLi,LpLi
LKQ,57.73,0.82,2.0,1.71,8.09,16.32,132.69,LpLi,LpHi,LpHi
Lockheed Martin,464.45,-0.12,-3.75,-1.75,-4.53,7.48,21.12,HpHi,HpHi,HpHi
Loews,57.57,1.25,2.0,-0.78,-1.3,-8.39,82.07,LpHi,LpLi,LpLi
Lowe’s,207.83,1.61,-1.52,3.93,4.31,5.11,98.96,LpLi,LpHi,LpHi
LyondellBasell Industries,94.61,3.6,0.83,0.77,13.95,-10.77,71.52,LpHi,LpHi,LpLi
M&T Bank,125.8,1.38,1.38,5.21,-13.28,-24.51,17.35,LpHi,LpLi,LpLi
Marathon Oil,24.16,2.9,0.29,0.83,-10.75,-3.05,339.27,LpHi,LpLi,LpHi
Marathon Petroleum,122.0,0.47,-1.24,-9.52,4.82,39.81,317.24,LpLi,LpLi,LpHi
MarketAxesss,318.37,1.66,-2.64,-18.64,14.16,20.77,-29.22,HpHi,HpHi,HpHi
Marriott Int,169.34,2.39,-2.91,1.99,13.73,-4.61,99.81,LpLi,LpHi,LpLi
Marsh McLennan,180.19,0.41,0.12,8.19,8.89,11.43,85.57,LpLi,LpHi,LpHi
Martin Marietta Materials,363.2,1.44,2.43,2.29,7.47,2.54,94.65,HpHi,HpHi,HpHi
Masco,53.51,1.17,5.36,7.62,14.66,1.56,33.64,LpHi,LpHi,LpLi
Mastercard,380.03,1.7,1.28,4.57,9.29,4.58,41.41,HpHi,HpHi,HpHi
Match Group,36.9,5.46,5.67,-3.88,-11.06,-53.38,-50.56,LpHi,LpLi,LpLi
McCormick&Co,87.85,0.51,2.53,5.58,5.98,-12.65,13.78,LpLi,LpHi,LpLi
McDonald’s,295.75,0.35,1.26,5.77,12.23,18.7,61.91,HpHi,LpHi,HpHi
McKesson,364.24,0.12,1.22,2.3,-2.9,17.64,170.41,HpHi,HpHi,HpHi
Medtronic,90.95,-0.47,6.09,12.81,17.02,-12.85,-4.4,LpHi,LpHi,LpLi
Merck&Co,115.47,0.27,0.09,8.53,4.07,30.2,55.91,LpLi,LpHi,LpHi
Meta Platforms,240.32,0.74,12.88,13.39,99.7,19.88,18.81,LpHi,LpHi,HpHi
MetLife,61.33,1.69,1.93,5.85,-15.25,-6.62,76.85,LpHi,LpLi,LpLi
Mettler-Toledo,95.36,2.4,-4.35,-2.53,3.19,16.75,116.42,LpLi,LpLi,LpHi
MGM,44.92,3.53,0.09,1.13,33.97,9.45,199.27,LpHi,LpHi,LpHi
Microchip,72.99,1.66,-4.96,-12.88,3.9,11.95,79.07,LpLi,LpLi,LpHi
Micron,64.36,3.97,5.28,6.66,28.77,-5.62,42.83,LpHi,LpHi,LpLi
Microsoft,307.26,0.8,7.52,6.58,28.12,10.72,76.01,HpHi,LpHi,HpHi
Mid-America Apartment,153.8,1.64,2.44,1.83,-2.03,-21.8,40.29,LpHi,LpLi,LpLi
Moderna,132.89,2.17,-5.65,-13.47,-26.02,-1.13,177.26,LpLi,LpLi,LpHi
Mohawk Industries,105.9,7.21,9.24,5.67,3.6,-24.93,27.01,LpHi,LpHi,LpLi
Molina Healthcare,297.89,0.33,8.11,11.36,-9.79,-4.96,71.94,HpHi,LpHi,HpHi
Molson Coors Brewing B,59.48,0.66,1.99,15.09,15.45,9.86,52.83,LpLi,LpHi,LpLi
Mondelez,76.72,3.93,7.57,10.04,15.11,18.98,51.32,LpHi,LpHi,LpHi
Monolithic,461.97,2.98,-0.22,-7.71,30.64,17.78,144.43,HpHi,HpHi,HpHi
Monster Beverage,56.0,1.3,5.52,3.68,10.31,30.72,88.17,LpHi,LpHi,LpHi
Moody’s,313.12,0.55,3.14,2.32,12.38,-1.06,29.47,HpHi,HpHi,HpHi
Morgan Stanley,89.97,0.54,-1.26,2.47,5.82,11.64,134.3,LpLi,LpHi,LpHi
Mosaic,42.85,1.83,-2.72,-6.6,-2.33,-31.35,284.3,LpLi,LpLi,LpHi
Motorola,291.4,-0.77,-0.46,1.84,13.07,36.37,109.9,HpHi,HpHi,HpHi
MSCI,482.45,3.91,-11.41,-13.8,3.71,14.53,50.79,HpHi,HpHi,HpHi
Nasdaq Inc,55.37,1.0,-2.81,1.28,-9.75,5.55,55.8,LpLi,LpLi,LpLi
NetApp,62.89,-0.87,-0.51,-1.5,4.71,-14.14,51.62,LpLi,LpLi,LpLi
Netflix,329.93,1.25,0.59,-4.5,11.89,73.32,-20.55,HpHi,HpHi,HpHi
Newell Brands,12.15,2.27,-0.65,-2.33,-7.11,-47.52,-1.06,LpHi,LpLi,LpLi
Newmont Goldcorp,47.4,-1.8,-0.46,-3.3,0.42,-34.93,-22.28,LpLi,LpLi,LpLi
News Corp,17.75,2.31,1.78,1.84,-3.74,-10.85,82.99,LpHi,LpLi,LpLi
News Corp A,17.61,2.68,1.91,1.97,-3.24,-11.33,85.86,LpHi,LpLi,LpLi
NextEra Energy,76.63,1.03,-2.99,-0.58,-8.34,7.9,35.01,LpLi,LpLi,LpLi
Nike,126.72,0.81,0.95,3.33,8.3,1.62,48.14,LpLi,LpHi,LpLi
NiSource,28.46,-0.32,-0.63,1.79,3.79,-2.27,16.31,LpLi,LpLi,LpLi
Nordson,216.31,0.11,-1.16,-2.68,-9.01,0.29,37.04,LpLi,LpLi,LpLi
Norfolk Southern,203.03,1.08,-4.05,-4.23,-17.61,-21.27,18.92,LpLi,LpLi,LpLi
Northern Trust,78.16,1.47,-8.37,-11.31,-11.67,-24.15,3.56,LpLi,LpLi,LpLi
Northrop Grumman,461.27,0.78,-2.27,-0.1,-15.46,4.98,40.61,HpHi,HpHi,HpHi
Norwegian Cruise Line,13.35,4.05,2.38,-0.74,9.07,-33.35,-3.54,LpHi,LpLi,LpLi
NRG,34.17,1.42,-0.67,-0.35,7.39,-4.82,3.64,LpLi,LpLi,LpLi
Nucor,148.18,-0.07,-3.43,-4.07,12.42,-4.26,261.41,LpLi,LpLi,LpHi
NVIDIA,277.49,1.92,2.32,-0.1,89.88,49.61,292.54,HpHi,LpHi,LpHi
NVR,152.48,0.7,-1.42,4.81,26.61,33.45,92.3,LpLi,LpHi,LpHi
NXP,163.74,1.58,-3.58,-12.19,3.61,-4.19,71.46,LpLi,LpLi,LpLi
Occidental,61.53,1.57,-0.55,-1.44,-2.32,11.69,303.74,LpLi,LpLi,LpHi
Old Dominion Freight Line,320.39,2.29,-8.16,-6.0,12.9,14.38,117.91,HpHi,HpHi,HpHi
Omnicom,90.57,0.34,-3.49,-4.0,11.03,18.97,62.05,LpLi,LpLi,LpHi
ON Semiconductor,71.96,2.83,-2.41,-12.59,15.38,38.09,375.93,LpHi,LpLi,LpHi
ONEOK,65.41,1.66,-1.34,2.94,-0.44,3.28,134.11,LpLi,LpLi,LpHi
Oracle,94.72,-0.34,-0.45,1.94,15.88,29.05,82.89,LpLi,LpHi,LpHi
Organon Co,24.63,1.23,2.16,4.72,-11.82,-23.82,-85.25,LpHi,LpLi,LpLi
Otis Worldwide,85.3,-0.68,3.11,1.07,8.93,17.11,71.6,LpLi,LpHi,LpHi
O’Reilly Automotive,917.31,0.18,1.49,8.05,8.68,51.23,143.73,HpHi,HpHi,HpHi
PACCAR,74.69,1.38,2.11,2.04,13.2,34.89,65.39,LpHi,LpHi,LpHi
Packaging America,135.26,1.46,-5.56,-2.57,5.75,-16.08,42.75,LpLi,LpLi,LpLi
Paramount Global B,23.33,1.08,3.55,4.57,38.21,-19.88,41.74,LpHi,LpHi,LpLi
Parker-Hannifin,324.88,0.49,1.27,-3.34,11.64,19.96,112.23,HpHi,HpHi,HpHi
Paychex,109.86,1.87,0.31,-4.13,-4.93,-13.31,64.95,LpHi,LpLi,LpLi
Paycom Soft,290.37,0.51,-3.39,-4.49,-6.43,3.16,20.16,HpHi,LpLi,HpHi
PayPal Holdings Inc,76.0,2.33,2.45,0.08,6.71,-13.57,-36.99,LpHi,LpLi,LpLi
Pentair,58.08,0.96,8.64,5.08,29.12,14.44,73.74,LpHi,LpHi,LpHi
PepsiCo,190.89,0.63,2.96,4.71,5.66,11.17,46.68,LpLi,LpHi,LpLi
PerkinElmer,130.49,1.5,-1.84,-2.08,-6.94,-11.0,46.47,LpLi,LpLi,LpLi
Pfizer,38.89,0.39,-3.28,-4.68,-24.1,-20.75,9.0,LpLi,LpLi,LpLi
PG E,17.11,0.35,1.3,5.81,5.23,35.26,68.74,LpLi,LpHi,LpHi
Philip Morris,99.97,1.16,2.25,2.8,-1.23,-0.03,36.42,LpHi,LpLi,LpLi
Phillips 66,99.0,1.29,-1.15,-2.35,-4.88,14.11,49.19,LpLi,LpLi,LpLi
Pinnacle West,78.46,-0.39,-2.64,-0.98,3.18,10.2,5.86,LpLi,LpLi,LpLi
Pioneer Natural,217.55,2.23,-3.22,6.52,-4.75,-6.42,162.36,LpLi,LpHi,LpHi
PNC Financial,130.25,1.74,5.57,2.48,-17.53,-21.58,26.49,LpHi,LpLi,LpLi
Pool,351.32,2.7,2.35,2.59,16.2,-13.3,62.63,HpHi,HpHi,HpHi
PPG Industries,140.26,0.96,-1.21,5.0,11.55,9.59,59.39,LpLi,LpHi,LpLi
PPL,28.72,-0.17,0.1,3.35,-1.71,1.45,15.48,LpLi,LpLi,LpLi
Principal Financial,74.69,0.04,-0.61,0.5,-11.0,9.61,112.79,LpLi,LpLi,LpHi
Procter&Gamble,156.38,-0.06,0.2,5.17,3.18,-2.6,33.86,LpLi,LpHi,LpLi
Progressive,136.4,1.25,-0.45,-4.66,5.16,27.05,79.05,LpLi,LpLi,LpHi
Prologis,125.25,2.51,1.35,0.38,11.11,-21.86,44.21,LpHi,LpHi,LpLi
Prudential Financial,87.0,1.65,1.51,5.15,-12.53,-19.82,46.12,LpHi,LpLi,LpLi
PTC,125.79,1.99,-0.63,-1.9,4.79,10.14,89.5,LpLi,LpLi,LpHi
Public Service Enterprise,63.2,-0.39,-1.39,1.2,3.15,-9.27,27.91,LpLi,LpLi,LpLi
Public Storage,294.83,0.82,2.2,-2.42,5.23,-17.42,59.92,HpHi,HpHi,HpHi
PulteGroup,67.15,1.33,6.88,15.22,47.49,60.8,146.51,LpHi,LpHi,LpHi
Qorvo Inc,92.08,1.94,-0.94,-9.34,1.59,-19.07,-1.15,LpLi,LpLi,LpLi
Qualcomm,116.8,2.53,-0.82,-8.45,6.24,-16.39,54.42,LpHi,LpLi,LpLi
Quanta Services,169.64,0.4,2.32,1.8,19.05,46.27,385.1,LpLi,LpHi,LpHi
Quest Diagnostics,138.81,-1.56,-4.39,-1.89,-11.27,3.71,27.57,LpLi,LpLi,LpLi
Ralph Lauren A,114.79,0.04,-0.28,-1.61,8.63,10.02,57.05,LpLi,LpLi,LpLi
Raymond James Financial,90.53,1.28,-5.46,-2.94,-15.27,-7.11,114.93,LpLi,LpLi,LpLi
Raytheon Technologies,99.9,0.51,-2.3,2.01,-1.01,5.26,63.48,LpLi,LpLi,LpLi
Realty Income,62.84,1.3,0.82,-0.76,-0.93,-9.4,21.34,LpLi,LpLi,LpLi
Regency Centers,61.43,1.69,1.17,0.41,-1.71,-10.75,50.12,LpHi,LpLi,LpLi
Regeneron Pharma,801.79,1.2,0.13,-2.42,11.13,21.65,52.58,HpHi,HpHi,HpHi
Regions Financial,18.26,1.44,-0.54,-1.62,-15.31,-11.87,79.55,LpLi,LpLi,LpLi
Republic Services,144.62,5.03,4.34,6.95,12.12,7.71,87.5,LpHi,LpHi,LpHi
ResMed,240.96,6.95,5.65,10.03,15.77,20.5,51.48,LpHi,LpHi,HpHi
Robert Half,73.0,-0.18,-0.41,-9.4,-1.12,-25.75,64.49,LpLi,LpLi,LpLi
Rockwell Automation,283.41,-0.07,2.89,-3.42,10.03,12.17,54.71,HpHi,HpHi,HpHi
Rollins,42.25,1.56,6.61,12.58,15.63,25.97,58.77,LpHi,LpHi,LpHi
Roper Technologies,454.78,0.4,2.1,3.2,5.25,-3.22,34.0,HpHi,HpHi,HpHi
Ross Stores,106.73,1.12,0.39,0.57,-8.05,6.98,19.98,LpLi,LpLi,LpLi
Royal Caribbean Cruises,65.43,6.11,3.82,0.2,32.37,-15.82,60.49,LpHi,LpHi,LpLi
S&P Global,362.58,1.97,3.09,5.17,8.25,-3.7,26.75,HpHi,HpHi,HpHi
Salesforce Inc,198.37,1.24,-0.33,-0.71,49.61,12.75,26.86,LpLi,LpHi,LpLi
SBA Communications,260.89,1.57,1.56,-0.07,-6.93,-24.84,-9.02,HpHi,LpLi,LpLi
Schlumberger,49.35,2.9,-0.9,0.51,-7.69,26.51,213.33,LpHi,LpLi,LpHi
Seagate,58.77,3.47,4.17,-11.12,11.71,-28.36,23.18,LpHi,LpLi,LpLi
Sealed Air,47.99,1.93,1.91,4.53,-3.79,-25.26,70.06,LpHi,LpLi,LpLi
Sempra Energy,155.49,-0.38,-0.84,2.86,0.61,-3.64,29.65,LpLi,LpLi,LpLi
ServiceNow Inc,459.42,1.12,-2.93,-1.14,18.32,-3.91,35.32,HpHi,HpHi,HpHi
Sherwin-Williams,237.54,2.08,1.67,5.68,0.09,-13.61,35.37,LpHi,LpHi,LpLi
Simon Property,113.32,2.46,2.4,1.21,-3.54,-3.97,79.3,LpHi,LpLi,LpLi
Skyworks,105.9,1.92,-0.77,-10.24,16.21,-6.53,7.15,LpLi,LpLi,LpLi
Snap-On,259.41,0.0,-1.37,5.07,13.53,22.08,109.12,LpLi,LpHi,LpHi
SolarEdge Technologies Inc,285.63,-1.22,-10.52,-6.03,0.83,14.06,172.13,LpLi,HpHi,LpHi
Southern,73.55,0.05,-0.08,5.71,3.0,0.22,35.18,LpLi,LpHi,LpLi
Southwest Airlines,30.29,1.37,-5.79,-6.91,-10.04,-35.17,3.63,LpLi,LpLi,LpLi
Stanley Black Decker,86.34,4.85,7.93,7.15,14.94,-28.14,-18.93,LpHi,LpHi,LpLi
Starbucks,114.29,1.37,5.64,9.76,15.21,53.12,54.89,LpHi,LpHi,LpHi
State Street,72.26,1.53,-1.86,-4.53,-6.85,7.9,22.31,LpLi,LpLi,LpLi
Steel Dynamics,103.95,-0.4,-5.54,-8.06,6.4,21.22,325.85,LpLi,LpLi,LpHi
STERIS,188.55,1.45,0.79,-1.43,2.09,-15.84,33.35,LpLi,LpLi,LpLi
Stryker,299.65,0.48,-1.28,4.97,22.56,24.2,65.9,HpHi,LpHi,HpHi
Synchrony Financial,29.51,0.55,-0.71,1.48,-10.19,-19.83,59.43,LpLi,LpLi,LpLi
Synopsys,371.32,0.8,-1.57,-3.87,16.3,29.47,148.14,HpHi,HpHi,HpHi
Sysco,76.74,2.21,1.56,-0.63,0.38,-10.22,45.45,LpHi,LpLi,LpLi
T Rowe,112.33,1.35,0.33,-0.5,3.0,-8.7,1.71,LpLi,LpLi,LpLi
T-Mobile US,143.9,-4.03,-1.59,-0.65,2.79,16.86,66.94,LpLi,LpLi,LpHi
Take-Two,124.29,0.27,-0.56,4.18,19.36,4.0,1.34,LpLi,LpHi,LpLi
Tapestry,40.81,-0.1,-2.55,-5.34,7.17,23.97,169.2,LpLi,LpLi,LpHi
Targa Resources,75.53,1.68,-0.11,3.54,2.76,2.89,539.54,LpLi,LpHi,LpHi
Target,157.75,-0.25,-2.73,-4.76,5.84,-31.01,45.75,LpLi,LpLi,LpLi
TE Connectivity,122.37,0.81,-4.7,-6.69,6.59,-1.93,73.38,LpLi,LpLi,LpLi
Teledyne Technologies,414.4,0.83,-3.13,-7.37,3.62,-3.97,29.57,HpHi,HpHi,HpHi
Teleflex,272.52,1.44,1.23,7.58,9.17,-4.59,-17.26,HpHi,LpHi,LpLi
Teradyne,91.38,1.12,-6.75,-15.0,4.61,-13.35,57.96,LpLi,LpLi,LpLi
Tesla,164.31,2.57,-0.47,-20.8,33.39,-43.39,251.47,LpHi,LpLi,LpHi
Texas Instruments,167.2,1.17,-5.55,-10.11,1.2,-1.79,52.4,LpLi,LpLi,LpLi
Textron,66.94,2.1,-1.46,-5.22,-5.45,-3.34,155.3,LpLi,LpLi,LpHi
The AES,23.66,1.09,-1.42,-1.74,-17.73,15.87,82.84,LpLi,LpLi,LpHi
Thermo Fisher Scientific,554.9,2.19,-2.94,-3.73,0.76,0.36,68.25,HpHi,HpHi,HpHi
TJX,78.82,-0.15,0.5,0.59,-0.98,28.62,63.36,LpLi,LpLi,LpHi
Tractor Supply,238.4,-0.29,-4.1,1.43,5.97,18.34,133.52,LpLi,LpHi,LpHi
Trane Technologies,185.81,0.17,5.02,0.99,10.54,32.83,114.04,LpHi,LpHi,LpHi
Transdigm,765.0,0.77,0.07,3.79,21.5,28.61,118.92,HpHi,HpHi,HpHi
Travelers,181.14,0.49,0.91,5.68,-3.39,5.89,88.59,LpLi,LpHi,LpHi
Trimble,47.1,0.94,-0.76,-10.15,-6.84,-29.39,43.34,LpLi,LpLi,LpLi
Truist Financial Corp,32.58,3.82,3.53,-4.46,-24.29,-32.62,-8.07,LpHi,LpLi,LpLi
Tyler Technologies,379.03,-1.86,1.51,6.88,17.56,-3.97,20.41,HpHi,HpHi,HpHi
Tyson Foods,62.49,1.97,2.44,5.34,0.39,-32.92,4.13,LpHi,LpHi,LpLi
U.S. Bancorp,34.28,5.25,2.27,-4.91,-21.39,-29.41,-1.89,LpHi,LpLi,LpLi
UDR,41.33,0.58,-0.48,0.66,6.71,-22.33,14.49,LpLi,LpLi,LpLi
Ulta Beauty,551.43,0.67,1.86,1.06,17.56,38.97,157.34,HpHi,HpHi,HpHi
Union Pacific,195.7,1.12,-1.58,-2.76,-5.49,-16.47,24.94,LpLi,LpLi,LpLi
United Airlines Holdings,43.8,2.26,-1.46,-1.02,16.18,-13.27,64.54,LpLi,LpHi,LpLi
United Parcel Service,179.81,1.15,-7.89,-7.31,3.43,-0.09,95.66,LpLi,LpLi,LpHi
United Rentals,361.11,0.96,-3.1,-8.76,1.6,14.09,202.74,HpHi,HpHi,HpHi
UnitedHealth,492.09,0.33,1.71,4.13,-7.18,-3.24,72.96,HpHi,HpHi,HpHi
Universal Health Services,150.35,3.11,7.42,18.29,6.71,22.7,51.64,LpHi,LpHi,LpHi
Valero Energy,114.67,0.03,-4.15,-17.86,-9.61,2.86,95.15,LpLi,LpLi,LpHi
Ventas,48.05,1.93,6.35,10.84,6.66,-13.5,58.42,LpHi,LpHi,LpLi
VeriSign,221.8,2.26,1.95,4.95,7.96,24.13,8.18,LpHi,LpHi,HpHi
Verisk,194.11,1.05,-1.36,1.17,10.03,-4.87,26.5,LpLi,LpHi,LpLi
Verizon,38.83,0.1,4.05,-0.15,-1.45,-16.13,-31.67,LpLi,LpLi,LpLi
Vertex,340.73,0.4,2.91,8.14,17.99,24.71,33.67,HpHi,HpHi,HpHi
VF,23.51,1.6,2.75,2.62,-14.85,-54.79,-57.59,LpHi,LpLi,LpLi
Viatris,9.33,0.76,-3.32,-3.01,-16.17,-9.68,-42.14,LpLi,LpLi,LpLi
VICI Properties,33.94,1.95,1.83,4.05,4.75,13.85,104.95,LpHi,LpHi,LpHi
Visa A,232.73,1.62,-0.56,3.22,12.02,9.2,32.56,LpLi,LpHi,HpHi
Vulcan Materials,175.12,1.24,2.33,2.08,0.01,1.64,58.22,LpHi,LpLi,LpLi
Walgreens Boots,35.25,0.43,-0.06,1.94,-5.65,-16.86,-15.39,LpLi,LpLi,LpLi
Walmart,150.97,-0.27,-0.5,2.39,6.47,-1.32,22.82,LpLi,LpHi,LpLi
Walt Disney,102.5,2.57,2.94,2.37,17.98,-8.18,-2.84,LpHi,LpHi,LpLi
Warner Bros Discovery,13.61,3.97,0.22,-9.87,43.57,-25.01,-37.19,LpHi,LpHi,LpLi
Waste Management,166.05,2.73,0.54,1.77,5.85,0.98,69.08,LpHi,LpHi,LpLi
Waters,300.36,0.68,-2.13,-2.99,-12.32,-0.88,68.67,HpHi,LpLi,HpHi
WEC Energy,96.17,-0.37,-0.92,1.46,2.57,-3.88,8.72,LpLi,LpLi,LpLi
Wells Fargo&Co,39.75,0.23,-3.61,6.34,-3.73,-8.89,44.07,LpLi,LpHi,LpLi
Welltower,79.22,1.58,4.75,10.5,20.85,-12.76,67.38,LpHi,LpHi,LpLi
West Pharmaceutical Services,361.24,1.69,-1.27,4.26,53.49,14.66,88.5,HpHi,HpHi,HpHi
Western Digital,34.44,5.13,2.99,-8.57,9.16,-35.1,-14.92,LpHi,LpLi,LpLi
Westinghouse Air Brake,97.67,-0.07,-2.76,-3.35,-2.14,8.63,79.51,LpLi,LpLi,LpHi
WestRock Co,29.93,1.98,-2.79,-1.77,-14.87,-39.57,-2.95,LpLi,LpLi,LpLi
Weyerhaeuser,29.91,1.77,-3.61,-0.73,-3.52,-27.44,66.44,LpLi,LpLi,LpLi
Whirlpool,139.59,3.1,-0.99,5.73,-1.32,-23.1,24.42,LpHi,LpHi,LpLi
Williams,30.26,1.51,1.1,1.34,-8.02,-11.75,63.13,LpHi,LpLi,LpLi
Willis Towers Watson,231.6,2.56,-4.0,-0.34,-5.31,7.79,26.32,LpLi,LpLi,LpLi
WR Berkley,58.92,1.94,2.43,-5.36,-18.81,-11.39,75.2,LpHi,LpLi,LpLi
WW Grainger,695.57,-0.11,3.8,0.98,25.05,39.11,159.87,HpHi,HpHi,HpHi
Wynn Resorts,114.28,3.68,0.15,2.12,38.57,62.15,41.38,LpHi,LpHi,LpHi
Xcel Energy,69.91,-0.5,-0.75,3.66,-0.29,-4.57,12.43,LpLi,LpLi,LpLi
Xylem,103.84,0.01,-0.45,-0.82,-6.09,28.99,49.86,LpLi,LpLi,LpHi
Zions,27.86,4.82,-5.08,-6.92,-43.33,-50.7,-9.84,2,2,0
Zoetis Inc,175.78,1.05,-0.62,5.61,19.95,-0.83,37.83,0,0,0
